rule_id,question_id,answer_code,waste_code,risk_points,reason,unknown_flag
SR_Q05_01,Q05,BOTH_AUTO_SAVE,PC_IDLE_ON,0,자동 절전 또는 종료 기능이 정상 작동함,false
SR_Q05_02,Q05,MANUAL_OFF,PC_IDLE_ON,1,직원 관리에 의존하여 누락 가능성 존재,false
SR_Q05_03,Q05,MONITOR_ONLY_OFF,PC_IDLE_ON,3,모니터만 끄고 PC 본체는 계속 작동하여 전력 낭비 발생,false
SR_Q05_04,Q05,BOTH_ON,PC_IDLE_ON,4,빈 좌석의 PC와 모니터가 모두 켜져 있어 지속적인 전력 낭비 발생,false
SR_Q05_05,Q05,VARIES,PC_IDLE_ON,2,관리가 불일치하여 유휴 전력 낭비 가능성 높음,false
SR_Q05_06,Q05,UNKNOWN,PC_IDLE_ON,0,빈 좌석 PC/모니터 관리 상태 확인 필요,true
SR_Q06_01,Q06,IMMEDIATE,PC_IDLE_WINDOW_LEAK,0,이용 종료 즉시 절전 전환됨,false
SR_Q06_02,Q06,WITHIN_5_MIN,PC_IDLE_WINDOW_LEAK,0,5분 이내 절전 전환으로 양호함,false
SR_Q06_03,Q06,MIN_5_15,PC_IDLE_WINDOW_LEAK,1,절전 전환 시간이 5~15분으로 소폭 대기 전력 발생,false
SR_Q06_04,Q06,MIN_15_30,PC_IDLE_WINDOW_LEAK,2,절전 전환 시간이 15~30분으로 대기 전력 누수 발생,false
SR_Q06_05,Q06,OVER_30_MIN,PC_IDLE_WINDOW_LEAK,3,30분 이상 긴 절전 대기 시간으로 유휴 전력 낭비 발생,false
SR_Q06_06,Q06,NO_AUTO_SLEEP,PC_IDLE_WINDOW_LEAK,4,자동 절전 기능이 없어 손님이 없는 동안 계속 전력 소비,false
SR_Q06_07,Q06,UNKNOWN,PC_IDLE_WINDOW_LEAK,0,PC/모니터 절전 전환 시간 확인 필요,true
SR_Q07_01,Q07,JUST_IN_TIME_AUTO_OFF,PC_UPDATE_IDLE,0,업데이트 작업 직후 자동 종료/절전됨,false
SR_Q07_02,Q07,JUST_IN_TIME_MANUAL_OFF,PC_UPDATE_IDLE,1,직원이 수동 종료하여 수동 누락 가능성 존재,false
SR_Q07_03,Q07,PRE_POWER_ON,PC_UPDATE_IDLE,2,업데이트 작업 전 미리 켜두어 전력 낭비 발생,false
SR_Q07_04,Q07,POST_KEEP_ON,PC_UPDATE_IDLE,2,업데이트 완료 후에도 한동안 켜두어 전력 낭비 발생,false
SR_Q07_05,Q07,PRE_POST_LONG_ON,PC_UPDATE_IDLE,4,업데이트 전후로 장시간 켜두어 심각한 전력 낭비 발생,false
SR_Q07_06,Q07,NOT_APPLICABLE,PC_UPDATE_IDLE,0,업데이트 관리가 해당되지 않음,false
SR_Q07_07,Q07,UNKNOWN,PC_UPDATE_IDLE,0,게임 업데이트 시 PC 관리 상태 확인 필요,true
SR_Q08_01,Q08,ALL_OFF,PERIPHERAL_IDLE_POWER,0,주변기기 전원이 모두 꺼짐,false
SR_Q08_02,Q08,SOME_POWERED,PERIPHERAL_IDLE_POWER,2,일부 주변기기에 전원이 계속 남아 있어 대기전력 누수 발생,false
SR_Q08_03,Q08,MULTIPLE_POWERED,PERIPHERAL_IDLE_POWER,3,다수 주변기기 전원이 지속 작동하여 잔류 대기전력 발생,false
SR_Q08_04,Q08,NOT_CHECKED_BECAUSE_ALWAYS_ON,PC_OFF_STANDBY_LEAK,3,PC가 상시 켜져 있어 잔류 전원 점검 미실시,false
SR_Q08_05,Q08,UNKNOWN,PERIPHERAL_IDLE_POWER,0,종료 후 주변기기 잔류 전원 상태 확인 필요,true
SR_Q09_01,Q09,TEMP_LE_22,HVAC_EXCESS_COOLING,4,여름철 22℃ 이하의 과도한 설정온도로 에어컨 전력 과다 사용,false
SR_Q09_02,Q09,TEMP_23_24,HVAC_EXCESS_COOLING,2,23~24℃ 설정으로 냉방 전력 사용 소폭 증가,false
SR_Q09_03,Q09,TEMP_25,HVAC_EXCESS_COOLING,0,적정 냉방 설정온도 유지,false
SR_Q09_04,Q09,TEMP_GE_26,HVAC_EXCESS_COOLING,0,권장 냉방 설정온도 준수,false
SR_Q09_05,Q09,VARIES,HVAC_EXCESS_COOLING,2,에어컨 설정온도가 불규칙하게 관리됨,false
SR_Q09_06,Q09,NO_AC,HVAC_EXCESS_COOLING,0,냉방 설비 미사용,false
SR_Q09_07,Q09,UNKNOWN,HVAC_EXCESS_COOLING,0,여름철 냉방 설정온도 확인 필요,true
SR_Q10_01,Q10,ALWAYS_MEASURE,HVAC_TEMPERATURE_UNCHECKED,0,실제 실내온도를 상시 측정하여 모니터링함,false
SR_Q10_02,Q10,SOMETIMES_MEASURE,HVAC_TEMPERATURE_UNCHECKED,1,실내온도를 가끔만 측정함,false
SR_Q10_03,Q10,SETPOINT_ONLY,HVAC_TEMPERATURE_UNCHECKED,3,리모컨 설정온도만 확인하여 실제 실내온도 불일치 가능성,false
SR_Q10_04,Q10,NEVER_MEASURE,HVAC_TEMPERATURE_UNCHECKED,4,실제 실내온도를 모니터링하지 않아 냉방 효율 저하,false
SR_Q10_05,Q10,NO_AC,HVAC_TEMPERATURE_UNCHECKED,0,냉방 설비 미사용,false
SR_Q10_06,Q10,UNKNOWN,HVAC_TEMPERATURE_UNCHECKED,0,실내온도 측정 여부 확인 필요,true
SR_Q11_01,Q11,WITHIN_2_WEEKS,HVAC_FILTER_MAINTENANCE,0,2주 이내 주기적 에어컨 필터 청소 시행,false
SR_Q11_02,Q11,TWO_WEEKS_TO_1_MONTH,HVAC_FILTER_MAINTENANCE,1,1개월 이내 필터 청소 시행,false
SR_Q11_03,Q11,ONE_TO_3_MONTHS,HVAC_FILTER_MAINTENANCE,2,필터 청소 주기가 긴 편으로 냉방 효율 저하 가능,false
SR_Q11_04,Q11,OVER_3_MONTHS,HVAC_FILTER_MAINTENANCE,3,필터 청소가 3개월 초과되어 열교환 효율 및 전력 소비 악화,false
SR_Q11_05,Q11,RARELY,HVAC_FILTER_MAINTENANCE,4,필터 청소를 거의 하지 않아 에어컨 과부하 및 에너지 누수 심각,false
SR_Q11_06,Q11,NO_AC,HVAC_FILTER_MAINTENANCE,0,냉방 설비 미사용,false
SR_Q11_07,Q11,UNKNOWN,HVAC_FILTER_MAINTENANCE,0,에어컨 필터 청소 주기 확인 필요,true
SR_Q12_01,Q12,OPEN_GOOD_VENTILATION,HVAC_OUTDOOR_HEAT_RECIRCULATION,0,실외기 주변 통풍 양호,false
SR_Q12_02,Q12,SOME_OBSTACLE,HVAC_OUTDOOR_HEAT_RECIRCULATION,2,실외기 근처 장애물로 열기 배출 효율 소폭 저하,false
SR_Q12_03,Q12,MULTI_UNIT_TIGHT_SPACE,HVAC_OUTDOOR_HEAT_RECIRCULATION,3,밀집된 실외기 설치로 상호 열간섭 및 효율 저하,false
SR_Q12_04,Q12,HOT_AIR_STAGNATES,HVAC_OUTDOOR_HEAT_RECIRCULATION,4,실외기 열기 체류로 인한 에어컨 냉방 효율 급감,false
SR_Q12_05,Q12,NEVER_CHECKED,HVAC_OUTDOOR_HEAT_RECIRCULATION,2,실외기 열기 배출 상태 미확인,false
SR_Q12_06,Q12,NO_AC,HVAC_OUTDOOR_HEAT_RECIRCULATION,0,냉방 설비 미사용,false
SR_Q12_07,Q12,UNKNOWN,HVAC_OUTDOOR_HEAT_RECIRCULATION,0,실외기 주변 통풍 및 열기 배출 확인 필요,true
SR_Q13_01,Q13,ZONE_FOCUSED,LOW_OCCUPANCY_ZONE_OPERATION,0,심야 시간대 구역 집약 운영으로 효율적 관리,false
SR_Q13_02,Q13,SOMETIMES_ZONE,LOW_OCCUPANCY_ZONE_OPERATION,1,일부 시간만 구역 운영,false
SR_Q13_03,Q13,FREE_SEATING_ALL,LOW_OCCUPANCY_ZONE_OPERATION,3,심야 전체 좌석 개방으로 불필요한 냉난방/조명 전력 소비,false
SR_Q13_04,Q13,ZONE_CONTROL_DIFFICULT,LOW_OCCUPANCY_ZONE_OPERATION,3,구역별 제어가 어려워 저이용시간 에너지 낭비 발생,false
SR_Q13_05,Q13,UNKNOWN,LOW_OCCUPANCY_ZONE_OPERATION,0,심야/새벽 구역 운영 여부 확인 필요,true
SR_Q14_01,Q14,ALL_EQUIPMENT_TRACKED,HIDDEN_BASELOAD_RISK,0,설비별 기저부하 전력 사용 구분 파악 중,false
SR_Q14_02,Q14,ROUGHLY_KNOWN_NOT_RECORDED,HIDDEN_BASELOAD_RISK,1,기저부하 대략 파악 중이나 정량 수치 미기록,false
SR_Q14_03,Q14,SOME_EQUIPMENT_ONLY,HIDDEN_BASELOAD_RISK,2,일부 설비만 확인하여 은닉 기저부하 누수 가능성 존재,false
SR_Q14_04,Q14,DONT_KNOW_ACTIVE_LOADS,HIDDEN_BASELOAD_RISK,4,상시 가동 설비를 모르고 있어 상시 전력 누수 위험 높음,false
SR_Q14_05,Q14,NEVER_CHECKED,HIDDEN_BASELOAD_RISK,4,최저 이용시간대 설비 점검 미실시,false
SR_Q15_01,Q15,TIME_OF_USE_REGULAR,ENERGY_MONITORING_ABSENT,0,시간대별 전력 사용량 정기적 모니터링 시행,false
SR_Q15_02,Q15,SOMETIMES_TIME_OF_USE,ENERGY_MONITORING_ABSENT,1,가끔 시간대별 전력 사용량 확인,false
SR_Q15_03,Q15,MONTHLY_KWH_ONLY,ENERGY_MONITORING_ABSENT,2,월별 총 사용량만 확인하여 시간대별 누수 모니터링 부재,false
SR_Q15_04,Q15,BILL_ONLY,ENERGY_MONITORING_ABSENT,3,전기 요금만 확인하여 실제 전력 사용 패턴 미파악,false
SR_Q15_05,Q15,NEVER_CHECKED,ENERGY_MONITORING_ABSENT,4,전력 사용량 확인을혀 안 함,false
SR_Q16_01,Q16,AUTO_CONTROLLED,REFRIG_DOOR_HEATER_ALWAYS_ON,0,유리문 히터가 온습도에 따라 자동 제어됨,false
SR_Q16_02,Q16,ALWAYS_ON_KNOWN,REFRIG_DOOR_HEATER_ALWAYS_ON,4,쇼케이스 결로방지 히터 상시 작동으로 연속 전력 소비,false
SR_Q16_03,Q16,EXISTS_CONTROL_UNKNOWN,REFRIG_DOOR_HEATER_ALWAYS_ON,2,히터 제어방식을 알지 못해 미인지 전력 낭비 가능성,false
SR_Q16_04,Q16,NO_HEATER,REFRIG_DOOR_HEATER_ALWAYS_ON,0,유리문 히터 기능 없음,false
SR_Q16_05,Q16,DONT_KNOW_IF_EXISTS,REFRIG_DOOR_HEATER_ALWAYS_ON,0,냉장 쇼케이스 히터 기능 유무 확인 필요,true
SR_Q16_06,Q16,NO_EQUIPMENT,REFRIG_DOOR_HEATER_ALWAYS_ON,0,냉장 쇼케이스 설비 없음,false
SR_Q17_01,Q17,DEMAND_BASED_AUTO,REFRIG_DEFROST_CONTROL,0,성에 상태에 따라 자동 제상 제어됨,false
SR_Q17_02,Q17,FIXED_SCHEDULE,REFRIG_DEFROST_CONTROL,1,고정 시간 간격 제상 작동,false
SR_Q17_03,Q17,SETTING_UNKNOWN,REFRIG_DEFROST_CONTROL,2,제상 설정 기준 불분명하여 과도한 제상 전력 소비 가능,false
SR_Q17_04,Q17,DONT_KNOW_IF_EXISTS,REFRIG_DEFROST_CONTROL,0,냉동/냉장 쇼케이스 제상 기능 확인 필요,true
SR_Q17_05,Q17,NO_EQUIPMENT,REFRIG_DEFROST_CONTROL,0,해당 설비 없음,false